Pregunta;Opcion A;Opcion B;Opcion C;Respuesta Correcta;Bloque;Tema;Feedback
La vecindad civil se adquiere:;Por residencia continuada durante 10 años manifestando esa voluntad;Por residencia continuada durante 10 años, sin declaración en contrario;Por residencia continuada durante 2 años, sin declaración en contrario;b;1;1;La vecindad civil se adquiere: 1. Por residencia continuada durante dos años, siempre que el interesado manifieste ser esa su voluntad. 2. Por residencia continuada de diez años, sin declaración en contrario durante este plazo.
El menor extranjero adoptado por un español, adquiere:;La nacionalidad española;La nacionalidad española, derivativa;La nacionalidad española, de origen;c;1;1;1. El extranjero menor de dieciocho años adoptado por un español adquiere, desde la adopción, la nacionalidad española de origen. 2. Si el adoptado es mayor de dieciocho años, podrá optar por la nacionalidad española de origen en el plazo de dos años a partir de la constitución de la adopción. 3. Sin perjuicio de lo dispuesto en el apartado 1, si de acuerdo con el sistema jurídico del país de origen el menor adoptado mantiene su nacionalidad, ésta será reconocida también en España
Indique cuando la autoridad judicial podrá conceder la emancipación:;Cuando los progenitores vivieren separados;Cuando el menor lo solicite en cualquier caso;Cuando ocurra una circunstancia que entorpezca el ejercicio de la patria potestad;a;1;1;1.º Cuando quien ejerce la patria potestad contrajere nupcias o conviviere marital- mente con persona distinta del otro progenitor. 2.º Cuando los progenitores vivieren separados. 3.º Cuando concurra cualquier causa que entorpezca gravemente el ejercicio de la patria potestad.
Los tribunales de honor están prohibidos:;En la administración civil;Administración militar;Administración civil y organizaciones profesionales;c;1;2;Artículo 26. Tribunales de honor. Se prohíben los Tribunales de Honor en el ámbito de la Administración civil y de las organizaciones profesionales.
El mandato del Defensor del Pueblo es de:;4 años;5 años;6 años;b;1;2;El Defensor del Pueblo será elegido por las Cortes Generales para un periodo de cinco años, y se dirigirá a las mismas a través de los Presidentes del Congreso y del Senado, respectivamente.
¿Cuánto tiempo tiene el Defensor del Pueblo para cesar de sus cargos incompatibles con su mandato desde que se produce su nombramiento?;5 días;10 días;15 días;b;1;2;El Defensor del Pueblo deberá cesar, dentro de los diez días siguientes a su nombramiento y antes de tomar posesión, en toda situación de incompatibilidad que pudiera afectarle, entendiéndose en caso contrario que no acepta el nombramiento.
¿Qué títulos podrá utilizar el Rey?;Rey de España;Rey de España, exclusivamente;Rey de España, y demás títulos que correspondan a la Corona;c;1;3;"Art. 56.2 CE ""Su título es el de Rey de España y podrá utilizar los demás que correspondan a la Corona"""
Indique la opción correcta:;Al Rey corresponde, previa autorización de las Cortes Generales, declarar la guerra y hacer la paz;Al Rey corresponde, previa autorización del Congreso de los Diputados declarar la guerra y hacer la paz;Al Rey corresponde, previa autorización del Consejo de Ministros, declarar la guerra y hacer la paz;a;1;3;Art. 63. 3 CE Al Rey corresponde, previa autorización de las Cortes Generales, declarar la guerra y hacer la paz
¿Cuántos Senadores elige Ceuta?;1;2;3;b;1;3;Art. 69 CE Las poblaciones de Ceuta y Melilla elegirán cada una de ellas dos Senadores
El primer presidente de la CECA fue:;Robert Schuman;Jean Monnet;Henri Spaak;b;1;4;El primer presidente de la CECA fue Jean Monnet, quien provenía de la «Sociedad de las Naciones» (precursora de la ONU).
¿En qué año se firmo el tratado de Niza?;1998;2000;2001;c;1;4;En la reunión que tuvo lugar en Niza en el año 2000 se fraguó el texto firmado el 26 de febrero de 2001, que entró en vigor el 1 de febrero de 2003 . El Tratado de Niza es el único tratado de los más importantes que no ha entrado nunca plenamente en vigor, coincidiendo en fechas con las preguntas surgidas en la Declaración de Laeken de la que se extrajo el texto de la fallida Constitución Europea.
No es un tipo de norma emanada del Derecho Derivado de la UE:;Reglamento;Dictamen;Interposición;c;1;4;En el Derecho Derivado de la UE encontramos : Reglamentos, Decisiones, Dictámenes, Directivas y Recomendaciones.
El Tribunal de Cuentas Europeo tiene sede en:;Luxemburgo;Estrasburgo;Bruselas;a;1;4;El Tribunal de Cuentas Europeo por el Tratado de Bruselas de 22 de julio de 1975, con sede en Luxemburgo, comenzando sus funciones dos años después. Teniendo hoy en día la función principal de ser el auditor externo independiente de la UE.
Las Administraciones Públicas sirven con objetividad los intereses generales y actúan de acuerdo con los principios de:;Eficacia, jerarquía, descentralización, desconcentración y coordinación;Eficiencia, jerarquía, descentralización, desconcentración y coordinación;Eficacia, jerarquía, descentralización, desconcentración y colaboración;a;1;5;Artículo 3 de la Ley 40/2015. 1. Las Administraciones Públicas sirven con objetividad los intereses generales y actúan de acuerdo con los principios de eficacia, jerarquía, descentralización, desconcentración y coordinación, con sometimiento pleno a la Constitución, a la Ley y al Derecho.
No es un órgano directivo:;Subsecretarías;Subdirecciones;Secretarías de Estado;c;1;5;Las Secretarías de Estado y Ministerios son órganos superiores.
Los Delegados del Gobierno tiene rango de:;Director General ;Subsecretario;Subdirector General;b;1;5;Los Delgados del Gobierno tienen rango de Subsecretario
Por norma general las Delegaciones del Gobierno tienen su sede:;Donde indique el Consejo de Gobierno de la CCAA;Donde radique el Consejo de Gobierno de la CCAA;Donde indique el Presidente del Gobierno;b;1;5;Las Delegaciones del Gobierno tendrán su sede en la localidad donde radique el Consejo de Gobierno de la Comunidad Autónoma, salvo que el Consejo de Ministros acuerde ubicarla en otra distinta y sin perjuicio de lo que disponga expresamente el Estatuto de Autonomía.
No es un tipo de jubilación:;Forzosa;Voluntaria ;Declaración Incapacidad Temporal;c;1;6;La jubilación de los funcionarios podrá ser: a. Voluntaria, a solicitud del funcionario. b. Forzosa, al cumplir la edad legalmente establecida. c.   Por la declaración de incapacidad permanente para el ejercicio de las funciones propias de su cuerpo o escala, o por el reconocimiento de una pensión de incapacidad permanente absoluta o, incapacidad permanente total en relación con el ejercicio de las funciones de su cuerpo o escala.
La edad mínima para ser funcionario en España es:;16 años;18 años;20 años;a;1;6;1. Poseer la capacidad funcional para el desempeño de las tareas. 2. Tener cumplidos dieciséis años y no exceder, en su caso, de la edad máxima de jubilación forzosa. Sólo por ley podrá establecerse otra edad máxima, distinta de la edad de jubilación forzosa, para el acceso al empleo público. 3. No haber sido separado mediante expediente disciplinario del servicio de cualquiera de las Administraciones Públicas o de los órganos constitucionales o estatutarios de las Comunidades Autónomas, ni hallarse en inhabilitación absoluta o especial
La Dirección General de Relaciones Internacionales y Extranjería depende de:;Secretaría de Estado de Seguridad;Subsecretaría de Interior;Secretaría General Técnica;a;1;7;"La Secretaría de Estado de Seguridad, órgano superior del que dependen los siguientes órganos directivos:

1.º La Dirección General de la Policía.

2.º La Dirección General de la Guardia Civil.

3.º La Dirección General de Relaciones Internacionales y Extranjería.

4.º La Dirección General de Coordinación y Estudios."
Gestionar el Punto nacional de contacto con la Guardia Nacional de Fronteras y Costas es una competencia de:;Dirección General de Coordinación y Estudios;La Dirección General de Relaciones Internacionales y Extranjería;Dirección General de Protección Internacional ;b;1;7;En el desarrollo de esta competencia, la Dirección General de Relaciones Internacionales y Extranjería gestiona el Punto Nacional de Contacto (NFPOC) con la Guardia Europea de Fronteras y Costas, y el Centro Nacional de Coordinación de Eurosur (NCC), con la contribución de las Fuerzas y Cuerpos de Seguridad del Estado
La coordinación de las relaciones del Departamento con el Defensor del Pueblo es una función de:;Subsecretaría de Interior;Dirección General de Política Interior;Secretaría General Técnica;c;1;7;Corresponde a la Secretaría General Técnica la coordinación de las relaciones del Departamento con el Defensor del Pueblo
La instrucción y resolución de los expedientes administrativos sobre apatridia es una función de:;La Subdirección General de Instrucción de Protección Internacional y Apatridia;La Subdirección General de Asuntos Generales y Jurídicos de Protección Internacional;La Subdirección General de Relaciones Institucionales e Información de Protección Internacional;a;1;7;La Subdirección General de Instrucción de Protección Internacional y Apatridia, a la que corresponde el ejercicio de las funciones previstas en los párrafos h) e i), en lo referente a la secretaría de la CIAR, y j) k) y l) del apartado 2. (La instrucción y resolución de los expedientes administrativos sobre apatridia)
¿De cuántas categorías cuenta el Cuerpo de Policía Nacional?;4;5;7;c;1;8;"El Cuerpo Nacional de Policía se estructura en Escalas y, dentro de éstas, en Categorías:

a) Escala Superior, con dos Categorías:

Primera: Comisario Principal.

Segunda: Comisario.

b) Escala Ejecutiva, con dos Categorías:

Primera: Inspector Jefe.

Segunda: Inspector.

c) Escala de Subinspección, con la categoría de Subinspector.

d) Escala Básica, con dos Categorías:

Primera: Oficial de Policía.

Segunda: Policía.

2. En el supuesto de corresponder a una mujer la titularidad, la nomenclatura de las Categorías será la siguiente:

Comisaria.

Inspectora.

Subinspectora.

3. Las escalas se clasifican en los siguientes grupos y subgrupos profesionales:

a) Las Escalas Superior y Ejecutiva se clasifican ambas en el Grupo A, subgrupo A1.

b) La Escala de Subinspección se clasifica en el Grupo A, subgrupo A2.

c) La Escala Básica se clasifica en el Grupo C, subgrupo C1."
Indique cual de las siguientes es una especialidad de la Policía Nacional, reflejada en su ley de personal LO 9/2015:;Gestión y coordinación;Cooperación policial;Dirección y coordinación;c;1;8;"La Policía Nacional contará con las especialidades necesarias para realizar aquellas tareas específicas en las que se requiera un determinado nivel de conocimientos en las siguientes áreas de actividad:

a) Dirección y coordinación.

b) Información.

c) Policía Judicial.

d) Seguridad Ciudadana.

e) Extranjería y Fronteras.

f) Policía Científica.

g) Documentación.

h) Cooperación Internacional.

i) Gestión y Apoyo.
"
Gestionar la uniformidad policial es una competencia de:;Área de Contratación y Tramitación;Área de Armamento y Equipamiento Policial ;Secretaría General de la División de Personal;b;1;8;El Área de Armamento y Equipamiento Policial. Con funciones de adquirir y gestionar la uniformidad policial. Adquiere, distribuye y mantiene el armamento y equipos de dotación policial. Igualmente, gestiona el Plan Nacional de Tiro y el mantenimiento las galerías de tiro
En relación a la LO 2/1986 en su artículo 3 los miembros de las Fuerzas y Cuerpos de Seguridad ajustarán su actuación al principio de:;Congruencia, Proporcionalidad e Idoneidad;Cooperación recíproca;Colaboración conjunta;b;1;9;"Artículo tercero. Los miembros de las Fuerzas y Cuerpos de Seguridad ajustarán su actuación al principio de cooperación recíproca y su coordinación se efectuará a través de los órganos que a tal efecto establece esta Ley.
"
La cooperación a la resolución amistosa de los conflictos privados cuando sean requeridos para ello es una función de las Policías Autonómicas con carácter de:;Simultánea;Propia;Colaboración  ;a;1;9;"De prestación simultánea e indiferenciada con las Fuerzas y Cuerpos de Seguridad del Estado: a) La cooperación a la resolución amistosa de los conflictos privados cuando sean requeridos para ello. b) La prestación de auxilio en los casos de accidente, catástrofe o calamidad pública, participando en la forma prevista en las Leyes, en la ejecución de los planes de protección civil. c) Velar por el cumplimiento de las disposiciones que tiendan a la conservación de la naturaleza y medio ambiente, recursos hidráulicos, así como la riqueza cinegética, piscícola, forestal y de cualquier otra índole relacionada con la naturaleza.
"
Las Unidades Adscritas de la Policía Nacional a las CCAA dependerán:;Organicamente de las CCAA;Funcionalmente de las CCAA;Ambas son correctas;b;1;9;Las Unidades adscritas dependerán, funcionalmente, de las Autoridades de la Comunidad Autónoma, y orgánicamente del Ministerio del Interior
Según la Orden INT/859/2023, de 21 de julio, por la que se desarrolla la estructura orgánica y funciones de los servicios centrales y territoriales de la Dirección General de la Policía, la Oficina Central de Asuntos Taurinos se incardina en:;La Brigada de Coordinación Operativa de la Unidad Central de Coordinación Operativa y Técnica, CGSC;La Secretaría General de la Unidad Central de Coordinación Operativa y Técnica, CGSC;La Brigada Central de Inspección e Investigación de la Unidad Central de Coordinación Operativa y Técnica, CGSC;a;1;8;La Brigada de Coordinación Operativa. Le compete planificar y coordinar las operaciones de su ámbito funcional, ejerciendo la supervisión de los servicios a nivel central. De esta Brigada dependen la Oficina Nacional de Deportes y la Oficina Central de Asuntos Taurinos
Ley Orgánica 4/2010, de 20 de mayo, del Régimen disciplinario del Cuerpo Nacional de Policía. El tiempo de suspensión provisional, como consecuencia de un expediente disciplinario, por hechos que no son objeto de procedimiento penal:;No podrá exceder de tres meses en caso de faltas leves, y de seis meses, en caso de faltas graves y muy graves, salvo en caso de paralización del procedimiento imputable al interesado;No podrá exceder de tres meses en caso de faltas leves, de seis meses en caso de faltas graves, y de un año en caso de faltas muy graves, salvo en caso de paralización del procedimiento imputable al interesado;No podrá exceder de tres meses en caso de faltas graves, y de seis meses, en caso de faltas muy graves, salvo en caso de paralización del procedimiento imputable al interesado;c;1;8;Art. 33 Lo 4/2010 El tiempo de suspensión provisional, como consecuencia de un expediente disciplinario, por hechos que no son objeto de procedimiento penal, no podrá exceder de tres meses en caso de faltas graves, y de seis meses, en caso de faltas muy graves, salvo en caso de paralización del procedimiento imputable al interesado
Jaime, ciudadano español, fue identificado por la UCRIF contratando trabajadores extranjeros sin haber obtenido con carácter previo la correspondiente autorización de residencia y trabajo. Al ser una infracción muy grave, se le incoará expediente sancionador: (indique la incorrecta):;Preferente, si se le propone para expulsión;Ordinario, aunque se le proponga para expulsión. ;Ninguna es correcta;c;1;11;De acuerdo con la Ley Orgánica 4/2000, sobre derechos y libertades de los extranjeros en España y su integración social, cuando el sujeto infractor no es extranjero, aunque la infracción sea muy grave, no se aplica el procedimiento preferente previsto para extranjeros con propuesta de expulsión. En estos casos, se seguirá el procedimiento ordinario sancionador.
Jouseff llegó en patera a Canarias sin familia. Es de Costa de Marfil y menor de edad. Asignado por las autoridades competentes un representante legal, este presentó la solicitud de protección internacional en nombre del menor. Dicha solicitud;Será tramitada por el procedimiento de urgencia, de oficio o a petición del interesado;Transcurridos seis meses desde la presentación de la solicitud sin que se haya notificado la correspondiente resolución, la misma podrá entenderse desestimada, sin perjuicio de la obligación de la Administración de resolver expresamente y de lo dispuesto en el apartado séptimo del artículo 19 de la presente Ley;Ambas son correctas;a;1;12;artículo 25.1 de la Ley 12/2009, reguladora del derecho de asilo y de la protección subsidiaria, las solicitudes de protección internacional de menores no acompañados se tramitan de oficio por el procedimiento de urgencia. Esta medida garantiza una mayor celeridad en la resolución del procedimiento en atención a la especial vulnerabilidad del menor.
RD 1325/2003, de 24 de octubre, por el que se aprueba el Reglamento sobre régimen de protección temporal en caso de afluencia masiva de personas desplazadas. El régimen de protección temporal regulado en este reglamento se declarará por:;El Consejo Europeo, mediante decisión, a propuesta de la Comisión Europea;El Gobierno español, mediante acuerdo del Consejo de Ministros, a propuesta del Ministro de Asuntos Exteriores en los supuestos de evacuación, o del Ministro del Interior en los de emergencia;Ambas son incorrectas;b;1;12;Artículo 3 del Real Decreto 1325/2003, el régimen de protección temporal se declara mediante acuerdo del Consejo de Ministros español. La propuesta la realiza el Ministro de Asuntos Exteriores en casos de evacuación, o el Ministro del Interior en los de emergencia, ante una afluencia masiva de personas desplazadas que no puedan retornar a su país de origen en condiciones seguras y duraderas.
Ley 5/2014, de 4 de abril, de Seguridad Privada. Constituyen actividades de seguridad privada las siguientes;La vigilancia y protección de bienes, establecimientos, lugares y eventos, exclusivamente privados, así como de las personas que pudieran encontrarse en los mismos;El acompañamiento, defensa y protección de personas físicas y jurídicas determinadas, incluidas las que ostenten la condición legal de autoridad;El depósito, custodia, recuento y clasificación de monedas y billetes, títulos-valores, joyas, metales preciosos, antigüedades, obras de arte u otros objetos que, por su valor económico, histórico o cultural, y expectativas que generen, puedan requerir vigilancia y protección especial;c;1;13;Artículo 5. Actividades de seguridad privada. 1. Constituyen actividades de seguridad privada las siguientes: a) La vigilancia y protección de bienes, establecimientos, lugares y eventos, tanto públicos como privados, así como de las personas que pudieran encontrarse en los mismos. b) El acompañamiento, defensa y protección de personas físicas determinadas, incluidas las que ostenten la condición legal de autoridad. c) El depósito, custodia, recuento y clasificación de monedas y billetes, títulos-valores, joyas, metales preciosos, antigüedades, obras de arte u otros objetos que, por su valor económico, histórico o cultural, y expectativas que generen, puedan requerir vigilancia y protección especial. d) El depósito y custodia de explosivos, armas, cartuchería metálica, sustancias, materias, mercancías y cualesquiera objetos que por su peligrosidad precisen de vigilancia y protección especial. e) El transporte y distribución de los objetos a que se refieren los dos párrafos anteriores. f) La instalación y mantenimiento de aparatos, equipos, dispositivos y sistemas de seguridad conectados a centrales receptoras de alarmas o a centros de control o de videovigilancia. g) La explotación de centrales para la conexión, recepción, verificación y, en su caso, respuesta y transmisión de las señales de alarma, así como la monitorización de cualesquiera señales de dispositivos auxiliares para la seguridad de personas, de bienes muebles o inmuebles o de cumplimiento de medidas impuestas, y la comunicación a las Fuerzas y Cuerpos de Seguridad competentes en estos casos. h) La investigación privada en relación a personas, hechos o delitos sólo perseguibles a instancia de parte.
Ley 5/2014, de 4 de abril, de Seguridad Privada. En el ámbito de la empresa de seguridad en cuya plantilla están integrados, corresponde a los jefes de seguridad el ejercicio de las siguientes funciones:;La responsabilidad sobre la custodia y el traslado de armas de titularidad de la empresa a la que pertenezca, de acuerdo con la normativa de armas y con lo que reglamentariamente se determine;La interlocución y enlace con la Administración, especialmente con las Fuerzas y Cuerpos de Seguridad, respecto de la función de seguridad integral de la entidad, empresa o grupo empresarial que les tenga contratados, en relación con el cumplimiento normativo sobre gestión de todo tipo de riesgos;Las comprobaciones de los aspectos necesarios sobre el personal que, por el ejercicio de las funciones encomendadas, precise acceder a áreas o informaciones, para garantizar la protección efectiva de su entidad, empresa o grupo empresarial;a;1;13;Artículo 36.1 de la Ley 5/2014, de Seguridad Privada, los jefes de seguridad en el ámbito de la empresa tienen atribuida, entre otras funciones, la custodia y traslado de armas, conforme a la normativa específica de armas y la reglamentación que lo desarrolle. Las otras funciones mencionadas se corresponden con competencias de otras figuras del sistema de seguridad privada, como los directores de seguridad
Ley Orgánica 4/2015, de 30 de marzo, de protección de la seguridad ciudadana. Medidas de seguridad extraordinarias. Las autoridades competentes podrán acordar, como medidas de seguridad extraordinarias:;El decomiso de vehículos;La imposición de sanciones;El cierre o desalojo de locales o establecimientos;c;1;14;Artículo 21. Medidas de seguridad extraordinarias. Las autoridades competentes podrán acordar, como medidas de seguridad extraordinarias, el cierre o desalojo de locales o establecimientos, la prohibición del paso, la evacuación de inmuebles o espacios públicos debidamente acotados, o el depósito de explosivos u otras sustancias susceptibles de ser empleadas como tales, en situaciones de emergencia que las hagan imprescindibles y durante el tiempo estrictamente necesario para garantizar la seguridad ciudadana. Dichas medidas podrán adoptarse por los agentes de la autoridad si la urgencia de la situación lo hiciera imprescindible, incluso mediante órdenes verbales. A los efectos de este artículo, se entiende por emergencia aquella situación de riesgo sobrevenida por un evento que pone en peligro inminente a personas o bienes y exige una actuación rápida por parte de la autoridad o de sus agentes para evitarla o mitigar sus efectos.
Ley Orgánica 4/2015, de 30 de marzo, de protección de la seguridad ciudadana. Procedimiento sancionador. El procedimiento caducará:;Transcurrido un año desde su incoación sin que se haya notificado la resolución, excepto el abreviado que caducará a los tres meses;Transcurridos seis meses desde su incoación sin que se haya notificado la resolución;Transcurrido un año desde su incoación sin que se haya notificado la resolución;c;1;14;Artículo 50. Caducidad del procedimiento. 1. El procedimiento caducará transcurrido un año desde su incoación sin que se haya notificado la resolución, debiendo, no obstante, tenerse en cuenta en el cómputo las posibles paralizaciones por causas imputables al interesado o la suspensión que debiera acordarse por la existencia de un procedimiento judicial penal, cuando concurra identidad de sujeto, hecho y fundamento, hasta la finalización de éste. 2. La resolución que declare la caducidad se notificará al interesado y pondrá fin al procedimiento, sin perjuicio de que la administración pueda acordar la incoación de un nuevo procedimiento en tanto no haya prescrito la infracción. Los procedimientos caducados no interrumpirán el plazo de prescripción.
La Comisión Nacional para la Protección de las Infraestructuras Críticas se reunirá:;Al menos una vez al mes, con carácter ordinario, y de forma extraordinaria cuando así se considere oportuno previa convocatoria de su Presidente;Al menos una vez cada seis meses, con carácter ordinario, y de forma extraordinaria cuando así se considere oportuno previa convocatoria de su Presidente;Al menos una vez al año, con carácter ordinario, y de forma extraordinaria cuando así se considere oportuno previa convocatoria de su Presidente;c;1;15;Art. 11 RD 704/2011 La Comisión se reunirá al menos una vez al año, con carácter ordinario, y de forma extraordinaria cuando así se considere oportuno previa convocatoria de su Presidente, quien determinará el orden del día de la reunión en los términos previstos para los órganos colegiados en el Capítulo II del Título II de la Ley 30/1992, de 26 de noviembre, de Régimen Jurídico de las Administraciones Públicas y del Procedimiento Administrativo Común. La secretaría de la Comisión radicará en el Director del CNPIC
Los Planes de Apoyo Operativo son los documentos operativos donde se deben plasmar las medidas concretas a poner en marcha por las Administraciones Públicas en apoyo de los operadores críticos para la mejor protección de las infraestructuras críticas. Supervisará la realización de los Planes de Apoyo Operativo:;Las Delegaciones del Gobierno en las Comunidades Autónomas;En su caso, los órganos competentes de las Comunidades Autónomas;Ambas son correctas;c;1;15;"Art. 30 RD 704/2011 1. Los Planes de Apoyo Operativo son los documentos operativos donde se deben plasmar las medidas concretas a poner en marcha por las Administraciones Públicas en apoyo de los operadores críticos para la mejor protección de las infraestructuras críticas.

2. Por cada una de las infraestructuras críticas e infraestructuras críticas europeas dotadas de un Plan de Protección Específico y sobre la base a los datos contenidos en éste, la Delegación del Gobierno en la Comunidad Autónoma o, en su caso, el órgano competente de la Comunidad Autónoma, supervisará la realización de un Plan de Apoyo Operativo por parte del Cuerpo Policial estatal, o en su caso autonómico, con competencia en la demarcación territorial de que se trate. Para su elaboración, que deberá realizarse en un plazo de cuatro meses a partir de la aprobación del respectivo Plan de Protección Específico, se contará con la colaboración del responsable de seguridad de la infraestructura.

3. Sobre la base de sus correspondientes Planes de Protección Específicos, los Planes de Apoyo Operativo deberán contemplar, si las instalaciones lo precisan, las medidas planificadas de vigilancia, prevención, protección y reacción que deberán adoptar las unidades policiales y, en su caso, de las Fuerzas Armadas, cuando se produzca la activación del Plan Nacional de Protección de las Infraestructuras Críticas, o bien de confirmarse la existencia de una amenaza inminente sobre dichas infraestructuras. Estas medidas serán siempre complementarias a aquellas de carácter gradual que hayan sido previstas por los operadores críticos en sus respectivos Planes de Protección Específicos.

4. El CNPIC establecerá los contenidos mínimos de los Planes de Apoyo Operativo, así como el modelo en el que fundamentar la estructura y desarrollo de éstos, que se basarán en la parte que les corresponda en la información contenida en los respectivos Planes de Protección Específicos.

5. El Ministerio de Defensa podrá acceder a los Planes de Apoyo Operativo de aquellas infraestructuras críticas o infraestructuras críticas europeas que, en caso de activarse el Plan Nacional de Protección de las Infraestructuras Críticas y a los efectos de coordinar los correspondientes apoyos de las Fuerzas Armadas, se considere oportuno, previo estudio conjunto de los mencionados apoyos."
"En relación con los delitos de omisión ¿a qué tipo se refiere la conducta de ""el que, estando obligado a ello, denegare asistencia sanitaria o abandonare los servicios sanitarios cuando de la denegación o abandono se derive riesgo grave para la salud de las personas""?: ";Comisión por omisión;Omisión del deber;Omisión impropia;b;1;16;Artículo 196 del Código Penal como un delito de omisión del deber de socorro en el ámbito sanitario, una modalidad específica de omisión del deber legal, distinta de la comisión por omisión u omisión impropia. Se trata de una infracción propia de quien, teniendo la obligación legal de actuar (por su posición profesional), no lo hace, poniendo en peligro grave la salud de otros.
José, de 17 años, fue agredido por su vecino Juan, de 22 años, que le causó lesiones leves. José denunció a Juan, pero antes de la celebración del juicio oral por delito leve, José manifiesta al juez la intención de perdonar a Juan. ¿Se celebrará el juicio?;No. El perdón de la persona ofendida, cuando se trate de delitos leves perseguibles a instancias de la persona agraviada, extingue la responsabilidad criminal;No. El perdón de la persona ofendida, cuando se trate de delitos leves perseguibles a instancias de la persona agraviada, extingue la responsabilidad criminal, oído el Ministerio Fiscal si la víctima es menor de edad;) Sí. En los delitos cometidos contra personas menores de edad o personas con discapacidad necesitadas de especial protección que afecten a bienes jurídicos eminentemente personales, el perdón de la persona ofendida no extingue la responsabilidad criminal;c;1;16;Artículo 130.1.5ª del Código Penal, el perdón del ofendido extingue la responsabilidad criminal salvo en determinados supuestos, como los delitos cometidos contra menores de edad o personas con discapacidad necesitadas de especial protección, cuando afecten a bienes jurídicos personales.
El carácter fragmentario del derecho penal viene determinado porque:;"El derecho penal es la ""última ratio""";Solo se protegen los bienes jurídicos más importantes, y de los ataques más graves;El código penal establece penas y medidas de seguridad;b;1;16;El carácter fragmentario del Derecho Penal implica que no protege todos los bienes jurídicos ni sanciona todas las conductas ilícitas, sino solo aquellas más graves que afectan a los bienes más importantes, como la vida, la libertad o la integridad. El concepto de ultima ratio, evita una intervención excesiva de los poderes del estado.
Indique la opción correcta en relación al delito de Amenazas:;Las amenazas de un mal que no constituya delito serán castigadas con pena de prisión de tres meses a un año o multa de seis a 24 meses, atendidas la gravedad y circunstancia del hecho, cuando la amenaza fuere condicional y la condición no consistiere en una conducta debida. Si el culpable hubiere conseguido su propósito se le impondrá la pena en su mitad inferior;Si alguien exigiere de otro una cantidad o recompensa bajo la amenaza de revelar o difundir hechos referentes a su vida privada o relaciones familiares que sean o no públicamente conocidos y puedan afectar a su fama, crédito o interés, será castigado con la pena de prisión de dos a cuatro años, si ha conseguido la entrega de todo o parte de lo exigido, y con la de cuatro meses a dos años, si no lo consiguiere;El que de modo leve amenace con armas u otros instrumentos peligrosos a alguna de las personas a las que se refiere el artículo 173.2, exceptuadas las contempladas en el apartado anterior de este artículo, será castigado con la pena de prisión de tres meses a un año o trabajos en beneficio de la comunidad de treinta y uno a ochenta días y, en todo caso, privación del derecho a la tenencia y porte de armas de uno a tres años, así como, cuando el Juez o Tribunal lo estime adecuado al interés del menor o persona con discapacidad necesitada de especial protección, inhabilitación especial para el ejercicio de la patria potestad, tutela, curatela, guarda o acogimiento por tiempo de seis meses a tres años;c;1;17;"Art. 171 CP "" El que de modo leve amenace a quien sea o haya sido su esposa, o mujer que esté o haya estado ligada a él por una análoga relación de afectividad aun sin convivencia, será castigado con la pena de prisión de seis meses a un año o de trabajos en beneficio de la comunidad de treinta y uno a ochenta días y, en todo caso, privación del derecho a la tenencia y porte de armas de un año y un día a tres años, así como, cuando el Juez o Tribunal lo estime adecuado al interés del menor o persona con discapacidad necesitada de especial protección, inhabilitación especial para el ejercicio de la patria potestad, tutela, curatela, guarda o acogimiento hasta cinco años.

Igual pena se impondrá al que de modo leve amenace a una persona especialmente vulnerable que conviva con el autor.

5. El que de modo leve amenace con armas u otros instrumentos peligrosos a alguna de las personas a las que se refiere el artículo 173.2, exceptuadas las contempladas en el apartado anterior de este artículo, será castigado con la pena de prisión de tres meses a un año o trabajos en beneficio de la comunidad de treinta y uno a ochenta días y, en todo caso, privación del derecho a la tenencia y porte de armas de uno a tres años, así como, cuando el Juez o Tribunal lo estime adecuado al interés del menor o persona con discapacidad necesitada de especial protección, inhabilitación especial para el ejercicio de la patria potestad, tutela, curatela, guarda o acogimiento por tiempo de seis meses a tres años.

Se impondrán las penas previstas en los apartados 4 y 5, en su mitad superior cuando el delito se perpetre en presencia de menores, o tenga lugar en el domicilio común o en el domicilio de la víctima, o se realice quebrantando una pena de las contempladas en el artículo 48 de este Código o una medida cautelar o de seguridad de la misma naturaleza."""
Son reos del delito de robo con fuerza en las cosas los que ejecuten el hecho cuando concurra alguna de las circunstancias siguientes:;Rompimiento de pared, techo o suelo, o fractura de puerta o ventana;Fractura de armarios, arcas u otra clase de muebles u objetos cerrados o sellados, o forzamiento de sus cerraduras o descubrimiento de sus claves para sustraer su contenido, cuando el hecho ocurra siempre en el lugar del robo;Inutilización de sistemas específicos de alarma instalados en las cosas sustraídas;a;1;18;Artículo 238 del Código Penal establece las circunstancias específicas que convierten un hurto en robo con fuerza en las cosas. Una de ellas es el rompimiento de pared, techo, suelo o fractura de puerta o ventana para acceder al lugar donde se encuentra el objeto sustraído. Este tipo de fuerza recae sobre los elementos estructurales o de acceso al lugar del hecho, no sobre los objetos concretos sustraídos
¿Pueden ser los bomberos o miembros del personal sanitario o equipos de socorro,  sujetos pasivos de un delito de desobediencia?;Solo cuando estuvieran interviniendo con ocasión de un siniestro, calamidad pública o situación de emergencia, con la finalidad de impedirles el ejercicio de sus funciones;Cuando fueren agredidos en el ejercicio de sus funciones;En ningún caso;c;1;19;Artículo 556. 1. Serán castigados con la pena de prisión de tres meses a un año o multa de seis a dieciocho meses, los que, sin estar comprendidos en el artículo 550, resistieren o desobedecieren gravemente a la autoridad o sus agentes en el ejercicio de sus funciones, o al personal de seguridad privada, debidamente identificado, que desarrolle actividades de seguridad privada en cooperación y bajo el mando de las Fuerzas y Cuerpos de Seguridad. 2. Los que faltaren al respeto y consideración debida a la autoridad, en el ejercicio de sus funciones, serán castigados con la pena de multa de uno a tres meses.
El secreto de las comunicaciones viene regulado en:;Art. 20 de la Constitución;Art. 19 de la Constitución;Art. 18 de la Constitución;c;1;20;"Se garantiza el derecho al honor, a la intimidad personal y familiar y a la propia imagen.

El domicilio es inviolable. Ninguna entrada o registro podrá hacerse en él sin consentimiento del titular o resolución judicial, salvo en caso de flagrante delito.

Se garantiza el secreto de las comunicaciones y, en especial, de las postales, telegráficas y telefónicas, salvo resolución judicial.

La ley limitará el uso de la informática para garantizar el honor y la intimidad personal y familiar de los ciudadanos y el pleno ejercicio de sus derechos.
"
Los primeros intervinientes en la cadena de custodia de una prueba judicial son:;Los Policías;El Secretario Judicial;Los abogados;a;1;20;"La STS 491/2016 de 8 de junio cuando dispone que «la cadena de custodia es el proceso transcurrido entre que los agentes de la policía intervienen un efecto del delito que puede servir como
prueba de cargo, hasta que se procede a su análisis, exposición o examen en la instrucción o
en el juicio»."
Es un delito competencia del tribunal del jurado:;Tentativa de homicidio;Tráfico de influencias;Infidelidad de custodia de detenidos;b;1;21;"Dentro del ámbito de enjuiciamiento previsto en el apartado anterior, el Tribunal del
Jurado será competente para el conocimiento y fallo de las causas por los delitos tipificados en los siguientes preceptos del Código Penal:
a. Del homicidio (artículos 138 a 140).
b. De las amenazas (artículo 169.1).
c. De la omisión del deber de socorro (artículos 195 y 196).
d. Del allanamiento de morada (artículos 202 y 204).
e. De la infidelidad en la custodia de documentos (artículos 413 a 415).
f. Del cohecho (artículos 419 a 426).
g. Del tráfico de influencias (artículos 428 a 430).
h. De la malversación de caudales públicos (artículos 432 a 434).
i. De los fraudes y exacciones ilegales (artículos 436 a 438).
j. De las negociaciones prohibidas a funcionarios (artículos 439 y 440).
k. De la infidelidad en la custodia de presos (artículo 471)."
La demarcación de las Secciones de Instrucción es:;El Partido Judicial;La Provincia;El Municipio;a;1;21;Con carácter general, en los Tribunales de Instancia, las Secciones Civiles y de Instrucción que constituyan una Sección Única o bien actúen por separado extenderán su jurisdicción a un partido judicial. Su demarcación es el partido judicial y su sede se encuentra en el municipio que sea cabeza del partido. Puede haber más de una Sección de Instrucción en el partido judicial, en función del volumen de trabajo.
Están exentos del deber general de denunciar (LeCrim):;Los menores de 16 años;Los menores de edad ;Los menores de 21 años;b;1;21;"Están exentos de este deber general de denunciar las siguientes personas:
- Los menores e incapaces (art. 260 LECrim).
-
  El cónyuge y otros familiares del denunciado, en los términos del art. 261 LECrim. En concreto, están exentos del deber de denunciar el cónyuge del delincuente no separado legalmente o de hecho o la persona que conviva con él en análoga relación de afectividad, así como los ascendientes y descendientes del delincuente y sus parientes colaterales hasta el segundo grado inclusive.
-
  Los abogados y procuradores, así como los eclesiásticos y ministros religiosos por los hechos de que tengan noticia en el ejercicio de sus funciones (art. 263 LECrim)."
SI la persona se niega a realizar la reseña se realizará (ISES 1/2024):;Pidiendo autorización judicial;Se realizará de forma coactiva;No se realiza la reseña;b;1;21;"Plan Nacional de Identificación de Detenidos (PNID) señalado, para ello se procederá:
1. Inicio del protocolo de identificación.
2.   Una vez se efectúe esa comprobación previa, se llevará a cabo la reseña completa y la
captación de imagen de la persona detenida.
3.   Los impresos del Plan Nacional de identificación de Detenidos, debidamente cumplimentados, se remitirán como parte del atestado policial a la AJ competente.
4.   Si la persona detenida se negara a la práctica de la reseña se procederá a obtenerla de forma coactiva si fuese preciso, siempre en la forma que menos le perjudique, no siendo
necesario solicitar autorización judicial por considerarse que no se trata de una diligencia restrictiva de derechos fundamentales.
5.   Quedará contenida en las bases de datos policiales correspondientes, y se incluirán los datos biográficos, impresiones decadactilares y fotografía. Resulta de interés reflejar los datos antropométricos (rasgos físicos observables o medibles: estatura, complexión, color de ojos, color de pelo, tatuajes y cicatrices visibles, malformaciones congénitas, amputaciones, etc.).
6   Por parte de las unidades competentes de la Policía Nacional se impartirán las instrucciones precisas para la correcta aplicación de las normas relativas a la reseña policial de la persona detenida y al procedimiento interno a seguir."
Ley 4/2015, de 27 de abril, del Estatuto de la víctima del delito. Artículo 27. Organización de las Oficinas de Asistencia a las Víctimas. (Señalar la respuesta correcta):;El Gobierno y las Comunidades Autónomas que hayan asumido competencias en materia de Justicia organizarán, en el ámbito que les es propio, Oficinas de Asistencia a las Víctimas;El Ministerio del Interior o las Comunidades Autónomas podrán celebrar convenios de colaboración con entidades públicas y privadas, sin ánimo de lucro, para prestar los servicios de asistencia y apoyo a que se refiere esta Ley;Ambas son correctas;a;1;22;Artículo 27.1 de la Ley 4/2015, del Estatuto de la Víctima del Delito, establece que el Gobierno y las Comunidades Autónomas que hayan asumido competencias en materia de Justicia deberán organizar Oficinas de Asistencia a las Víctimas, dentro de su respectivo ámbito competencial. Estas oficinas prestan atención integral a las víctimas del delito, y su creación es una obligación institucional para garantizar sus derechos.
Ley 4/2015, de 27 de abril, del Estatuto de la víctima del delito. Las víctimas podrán acceder a servicios de justicia restaurativa, en los términos que reglamentariamente se determinen, con la finalidad de obtener una adecuada reparación material y moral de los perjuicios derivados del delito, cuando se cumplan, entre otros, los siguientes requisitos, (indique la incorrecta):;) El infractor haya o no reconocido los hechos esenciales de los que deriva su responsabilidad;La víctima haya prestado su consentimiento, después de haber recibido información exhaustiva e imparcial sobre su contenido, sus posibles resultados y los procedimientos existentes para hacer efectivo su cumplimiento;El infractor haya prestado su consentimiento;a;1;22;Artículo 15 de la Ley 4/2015, del Estatuto de la Víctima del Delito, señala que el acceso a los servicios de justicia restaurativa solo será posible si ambas partes (víctima e infractor) han prestado su consentimiento y el infractor ha reconocido los hechos esenciales que fundamentan su responsabilidad penal. Por tanto, la opción a) es incorrecta, ya que el reconocimiento de los hechos por parte del infractor es un requisito imprescindible para iniciar el proceso.
Ley Orgánica 3/2007, de 22 de marzo, para la igualdad efectiva de mujeres y hombres. El Gobierno elaborará un informe periódico sobre el conjunto de sus actuaciones en relación con la efectividad del principio de igualdad entre mujeres y hombres. De este informe se dará cuenta:;Al Consejo de Participación de la Mujer;A las Cortes Generales y a las Comunidades Autónomas con competencia en la materia;A las Cortes Generales;c;1;23;Según el artículo 18.1 de la Ley Orgánica 3/2007, el Gobierno debe elaborar periódicamente un informe sobre la efectividad del principio de igualdad entre mujeres y hombres, y dar cuenta de él únicamente a las Cortes Generales. Este mecanismo permite ejercer el control parlamentario sobre las políticas públicas de igualdad desarrolladas por el Ejecutivo.
Se constituirá, como órgano colegiado adscrito al Ministerio de Trabajo y Asuntos Sociales , al que corresponderá el asesoramiento, evaluación, colaboración institucional, elaboración de informes y estudios, y propuestas de actuación en materia de violencia de género:;El Observatorio Estatal de Violencia sobre la Mujer;La Delegación del Gobierno contra la Violencia de Género;El Consejo Interterritorial del Sistema Nacional de Salud;a;1;23;Artículo 30 de la Ley Orgánica 1/2004, se crea el Observatorio Estatal de Violencia sobre la Mujer como órgano colegiado de carácter consultivo, encargado de realizar funciones de asesoramiento, evaluación y propuesta de medidas en materia de violencia de género. Este órgano es clave para coordinar y analizar las políticas públicas destinadas a la erradicación de esta violencia.
Ley 39/2006, de 14 de diciembre, de Promoción de la Autonomía Personal y Atención a las personas en situación de dependencia. Serán órganos consultivos de participación institucional del Sistema para la Autonomía y Atención a la Dependencia los siguientes:;El Comité Consultivo del Sistema para la Autonomía y Atención a la Dependencia y El Consejo Estatal de Personas Mayores;El Consejo Nacional de la Discapacidad y El Consejo Estatal de Organizaciones no Gubernamentales de Acción Social;Ambas respuestas son correctas;c;1;23;Artículo 11 de la Ley 39/2006 reconoce como órganos consultivos de participación institucional del Sistema para la Autonomía y Atención a la Dependencia tanto al Comité Consultivo, como a otros órganos como el Consejo Estatal de Personas Mayores, el Consejo Nacional de la Discapacidad y el Consejo Estatal de ONG de Acción Social. Todos ellos contribuyen a garantizar una representación plural y participativa en la gestión del sistema.
La función de asesoramiento técnico en la elaboración de la normativa legal sobre prevención de riesgos laborales, y en el desarrollo de la normalización, tanto a nivel nacional como internacional, corresponde a:;La Comisión Nacional de Seguridad y Salud en el Trabajo;La Inspección de Trabajo y Seguridad Social;El Instituto Nacional de Seguridad y Salud en el Trabajo;c;1;24;Artículo 8 de la Ley 31/1995, de Prevención de Riesgos Laborales, el Instituto Nacional de Seguridad y Salud en el Trabajo (INSST) es el órgano científico-técnico especializado, encargado de asesorar técnicamente en la elaboración de normativa y en la normalización técnica, tanto a nivel nacional como en cooperación internacional. Esta función lo convierte en una pieza clave para garantizar la calidad técnica del marco normativo en materia de prevención.
Ley 31/1995, de 8 de noviembre, de Prevención de Riesgos Laborales. Se entenderá como servicio de prevención:;Cualquier equipo destinado a ser llevado o sujetado por el trabajador para que le proteja de uno o varios riesgos que puedan amenazar su seguridad o su salud en el trabajo, así como cualquier complemento o accesorio destinado a tal fin;El conjunto de medios humanos y materiales necesarios para realizar las actividades preventivas a fin de garantizar la adecuada protección de la seguridad y la salud de los trabajadores, asesorando y asistiendo para ello al empresario, a los trabajadores y a sus representantes y a los órganos de representación especializados;) El conjunto de actividades o medidas adoptadas o previstas en todas las fases de actividad de la empresa con el fin de evitar o disminuir los riesgos derivados del trabajo;b;1;25;Artículo 31.2 de la Ley 31/1995, de Prevención de Riesgos Laborales, se entiende por servicio de prevención el conjunto de medios humanos y materiales organizados por el empresario con el fin de llevar a cabo las actividades necesarias para prevenir los riesgos laborales. Su función principal es la de asesorar y asistir tanto al empresario como a los trabajadores y a sus representantes en todo lo relacionado con la seguridad y la salud en el trabajo.
Real Decreto 39/1997, de 17 de enero, por el que se aprueba el Reglamento de los Servicios de Prevención. A efectos de determinación de las capacidades y aptitudes necesarias para la evaluación de los riesgos y el desarrollo de la actividad preventiva, las funciones a realizar se clasifican en los siguientes grupos:;Funciones de nivel primario;Funciones de nivel secundario;Funciones de nivel superior, correspondientes a las especialidades y disciplinas preventivas de medicina del trabajo, seguridad en el trabajo, higiene industrial, y ergonomía y psicosociología aplicada;c;1;25;Artículo 37 del Real Decreto 39/1997, las funciones preventivas se clasifican en nivel básico, intermedio y superior, siendo este último el que corresponde a las especialidades y disciplinas técnicas y científicas como la medicina del trabajo, seguridad, higiene industrial, ergonomía y psicosociología aplicada. Estas funciones requieren una formación específica y habilitación para realizar evaluaciones complejas y asumir responsabilidades técnicas.
Real Decreto 2/2006, de 16 de enero, por el que se establecen normas sobre prevención de riesgos laborales en la actividad de los funcionarios del Cuerpo Nacional de Policía. Artículo 11. Medidas de protección de la maternidad:;Las funcionarias del Cuerpo Nacional de Policía, durante los periodos de gestación, maternidad y lactancia, tendrán la adecuada protección en sus condiciones de trabajo, en orden a evitar situaciones de riesgo, tanto para su propia seguridad y salud como para las del feto o lactante, debiendo adoptarse con este fin las medidas necesarias. Al objeto de posibilitar la adopción de tales medidas, las interesadas no deberán comunicar su estado de gestación o lactancia a través de la unidad en que presten sus servicios;Cuando los informes médicos así lo aconsejen, a las referidas funcionarias se les adecuarán sus condiciones de trabajo, eximiéndoles del trabajo si fuera necesario, conservando el derecho al conjunto de las retribuciones de su puesto de origen, mientras persistan las circunstancias que hubieran motivado tal situación;Durante los indicados periodos de gestación y lactancia, las funcionarias no manejarán máquinas, aparatos, utensilios, instrumentos de trabajo, sustancias u otros elementos que, de acuerdo con los informes médicos correspondientes, puedan resultar perjudiciales para el normal desarrollo del embarazo o la lactancia;c;1;25;Artículo 11.3 del Real Decreto 2/2006, sobre prevención de riesgos laborales en el Cuerpo Nacional de Policía, establece expresamente que durante los períodos de gestación y lactancia, las funcionarias no manejarán equipos ni sustancias que puedan resultar perjudiciales para el embarazo o la lactancia. Esta medida tiene como objetivo prevenir cualquier riesgo para la salud del feto o del lactante, garantizando un entorno laboral seguro.
Ley Orgánica 3/2018, de 5 de diciembre, de Protección de Datos Personales y garantía de los derechos digitales. Artículo 81. Derecho de acceso universal a Internet. Indique la respuesta correcta:;) Todos tienen derecho a acceder a Internet independientemente de su condición personal, social, económica o geográfica;Se garantizará un acceso universal, asequible, de calidad y no discriminatorio para toda la población, con las excepciones que el Gobierno establezca;El acceso a Internet de hombres y mujeres procurará la superación de la brecha de género tanto en el ámbito personal como laboral;b;1;26;Artículo 81 de la Ley Orgánica 3/2018 reconoce el derecho de acceso universal a Internet como un derecho fundamental, estableciendo que dicho acceso debe ser universal, asequible, de calidad y no discriminatorio, sin excepciones establecidas por el Gobierno. Además, subraya la importancia de superar la brecha de género en el uso y acceso a las tecnologías digitales. Por tanto, la opción b) es incorrecta, ya que introduce una excepción que no está prevista en la norma.
Ley Orgánica 7/2021, de 26 de mayo, de protección de datos personales tratados para fines de prevención, detección, investigación y enjuiciamiento de infracciones penales y de ejecución de sanciones penales. Plazos de conservación y revisión:;El responsable del tratamiento deberá revisar la necesidad de conservar, limitar o suprimir el conjunto de los datos personales contenidos en cada una de las actividades de tratamiento bajo su responsabilidad, como máximo cada tres años;Con carácter general, el plazo máximo para la supresión de los datos será de veinte años, salvo que concurran factores como la existencia de investigaciones abiertas o delitos que no hayan prescrito, entre otros;Ambas son correctas;c;1;26;Artículo 17 de la Ley Orgánica 7/2021 regula los plazos de conservación y revisión de los datos personales tratados con fines penales. En él se establece que el responsable del tratamiento deberá realizar una revisión como máximo cada tres años, y que el plazo general de supresión de los datos será de veinte años, salvo causas justificadas como investigaciones abiertas o delitos no prescritos
La capacidad de los derechos humanos que sean adquiridos desde el nacimiento y no se puedan arrebatar es:;Imprescriptibles;Irrenunciables;Inalienables;a;1;27;"Por lo que las características de los Derechos Humanos son:
u Universales: todo ser humano los posee en el mismo grado de igualdad.
u Imprescriptibles: adquiridos desde el nacimiento no pudiendo ser arrebatados.
u Inalienables e indivisibles: no se pueden perder.
u Irrenunciables: no se permite que alguien prescinda de ellos.
u Históricos: recogen el deseo de justicia de la humanidad."
La detención arbitraria viene indicada en la Declaración de los Derechos Humanos, exactamente en el artículo:;7;8;9;c;1;27;Artículo 9. Nadie podrá ser arbitrariamente detenido, preso ni desterrado.
El Subcomité para la Prevención se reunirá:;2 veces al año;1 vez al año;Las veces que determine su reglamento;c;1;27;"Los miembros del Subcomité para la Prevención ejercerán sus funciones a título personal, actuarán con independencia e imparcialidad y deberán estar disponibles para prestar servicios
con eficacia en el Subcomité para la Prevención. El Subcomité para la Prevención se reunirá en las ocasiones que determine su reglamento, si bien al menos una vez al año debe coincidir con el Comité contra la Tortura. Sus sesiones, que serán privadas, se considerarán constituidas cuando asistan al menos la mitad más uno de sus miembros y las decisiones se tomarán por mayoría de votos de los miembros presentes. La mesa del Subcomité será elegida por sus miembros por un mandato de dos años reelegibles."
Las sesiones del Subcomité serán:;Secretas;Privadas;Confidenciales;b;1;27;"Los miembros del Subcomité para la Prevención ejercerán sus funciones a título personal, actuarán con independencia e imparcialidad y deberán estar disponibles para prestar servicios
con eficacia en el Subcomité para la Prevención. El Subcomité para la Prevención se reunirá en las ocasiones que determine su reglamento, si bien al menos una vez al año debe coincidir con el Comité contra la Tortura. Sus sesiones, que serán privadas, se considerarán constituidas cuando asistan al menos la mitad más uno de sus miembros y las decisiones se tomarán por mayoría de votos de los miembros presentes. La mesa del Subcomité será elegida por sus miembros por un mandato de dos años reelegibles."
"El Foro Social Mundial se compone de 3 pilares fundamentales; el Consejo Internacional, la Secretaría y además:";La Comisión del FSM;El Comité de las Regiones;Los Comités organizadores de cada evento anual;c;2;35;"El Foro Social Mundial (FSM), como espacio de encuentro de movimientos sociales, ONGs y redes ciudadanas, se estructura sobre tres pilares principales:

El Consejo Internacional, que orienta y da seguimiento político al proceso.
La Secretaría, que coordina y da apoyo logístico.
Y los Comités organizadores de cada evento, que se encargan de preparar y ejecutar cada edición del Foro, garantizando su autonomía y descentralización. Esta estructura facilita la participación plural y horizontal de los actores sociales."
En lo relativo al sistema PEN (Psicoticismo, Extraversión y Neuroticismo), es correcto afirmar que:;Los introvertidos necesitan de una mayor estimulación para que se active su Sistema Nervioso Central;En lo relativo a la dimensión Extraversión-lntraversión, el autor se basó en los constructos ideados por Edward Thorndike sobre el Condicionamiento Operante;Este sistema representa un modelo causal de la personalidad de corte biologicista;c;2;29; El modelo PEN fue desarrollado por Hans Eysenck y postula que la personalidad humana puede describirse en tres dimensiones amplias: Psicoticismo, Extraversión e Inestabilidad emocional (Neuroticismo). Este enfoque es de base biologicista, ya que atribuye diferencias individuales en la personalidad a factores genéticos y fisiológicos, como la actividad del sistema nervioso central y autónomo. Eysenck consideraba que estos rasgos tenían una causa biológica y eran estables en el tiempo.
Según Eysenck, las personas introvertidas: ;Tienen umbrales de activación altos en el Sistema de Activación Reticular Ascendente;Necesitan poca estimulación sensorial para sentirse bien;No presentan niveles de activación cortical crónicamente elevados;b;2;29;Según la teoría de la personalidad de Hans Eysenck, las personas introvertidas tienen una activación cortical basal más alta (particularmente en el Sistema de Activación Reticular Ascendente, SARA), lo que les lleva a evitar situaciones excesivamente estimulantes. Por tanto, requieren menos estimulación sensorial externa para alcanzar un nivel óptimo de activación, en contraste con los extrovertidos, que buscan más estimulación debido a su menor activación basal.
¿Cuál de los siguientes autores desarrollaron la principal teoría de la personalidad?: ;Robert K. Merton;F. Tonnies. ;Allport. ;c;2;30;Gordon Allport fue uno de los padres de la psicología de la personalidad, y su obra marcó un antes y un después en el estudio de las diferencias individuales. Desarrolló la teoría de los rasgos y propuso que la personalidad se compone de un conjunto de rasgos únicos que definen a cada persona. Su enfoque fue pionero en establecer la personalidad como objeto de estudio psicológico autónomo, diferenciándose de explicaciones reduccionistas o sociológicas, como las de Merton o Tönnies.
Los psicópatas, a diferencia de los psicóticos: ;Presentan con frecuencia pérdida de contacto con la realidad, comportamiento irracional y sentimiento de culpa;Son racionales, no tienen sentimiento de culpa y no experimentan ansiedad;Ninguna es correcta;b;2;30;A diferencia de los psicóticos, que pueden sufrir alucinaciones, delirios y pérdida del contacto con la realidad, los psicópatas suelen ser racionales, fríos y emocionalmente superficiales, lo que les permite manipular sin empatía ni remordimiento. No presentan trastornos perceptivos ni delirantes, pero sí una marcada ausencia de culpa, empatía y ansiedad, lo cual está en el núcleo de los trastornos de la personalidad antisocial.
El temor constante de padecer enfermedad e interpretación errónea de dolores y molestias normales se denomina: ;Hipocondría;Trastorno por conversión;Superenfermería;a;2;29;La hipocondría, actualmente denominada trastorno de ansiedad por enfermedad según el DSM-5, se caracteriza por una preocupación excesiva y persistente por la posibilidad de padecer una enfermedad grave, a pesar de no existir evidencias médicas que lo confirmen. Las personas hipocondríacas suelen malinterpretar sensaciones corporales normales como signos de una afección grave, lo que les genera gran ansiedad y conductas de comprobación médica constantes.
La escala que se encarga de medir los diferentes grados de cercanía, calidez, hostilidad, indiferencia o intimidad de las personas hacia los miembros de diversos grupos sociales, étnicos o raciales fue desarrollada por: ;Louis Leon Thurstone;Emory Bogardus;Rensis Likert;b;2;29;La Escala de Distancia Social de Bogardus, desarrollada por Emory Bogardus, mide el grado de aceptación o rechazo que una persona siente hacia miembros de distintos grupos sociales, étnicos o raciales. Esta escala ha sido muy utilizada en estudios de prejuicio y discriminación, ya que permite cuantificar el nivel de cercanía que una persona estaría dispuesta a aceptar con respecto a individuos de otros grupos, desde compartir vecindario hasta emparentar.
El Movimiento de Resistencia Global (MRG) es un movimiento antiglobalización de rechazo al capitalismo y modelo socioeconómico neoliberal que tiene, entre otros objetivos: ;La condonación de la Tasa Tobin a los países más pobres;La creación de la Tasa Tobin o impuesto a las transacciones financieras;El pago efectivo de la Tasa Tobin por las multinacionales para invertirlo en energías renovables;b;2;31;El Movimiento de Resistencia Global (MRG) forma parte de los llamados movimientos antiglobalización, críticos con los efectos del capitalismo neoliberal. Uno de sus planteamientos más conocidos es el apoyo a la Tasa Tobin, un impuesto propuesto por el economista James Tobin para gravar las transacciones financieras internacionales. El objetivo es frenar la especulación y redistribuir los fondos recaudados en políticas sociales y solidarias, especialmente hacia países empobrecidos.
¿Quién acuñó por primera vez el término de anomia? ;Merton;Durkheim;Sutherland;b;2;33;El término anomia fue acuñado por primera vez por el sociólogo Émile Durkheim, quien lo utilizó para describir una situación social en la que las normas que regulan la conducta pierden su fuerza o claridad, provocando desorientación y desintegración social. Posteriormente, Robert K. Merton retomó el concepto para desarrollar su teoría sobre la desviación social, pero el origen del término y su aplicación inicial pertenece a la obra de Durkheim, especialmente en El suicidio (1897).
El proceso por el que las zonas rurales más cercanas a las ciudades crecen y se convierten en urbanas es:;Ciudad difusa;Gentrificación;Urbanización;a;2;32;" Rururbanización o ciudad difusa: es el proceso por el que las ciudades crecen y las zonas
rurales más próximas a ésta se convierten en urbanas."
Según el autor Charles Horton Cooley los grupos sociales se dividen en: ;De referencia y pertenencia;Primarios y secundarios;lntragrupos y extragrupos;b;2;32;Charles Horton Cooley fue un sociólogo estadounidense que introdujo el concepto de grupos primarios y secundarios en su obra Social Organization (1909). Los grupos primarios son aquellos donde predominan las relaciones personales, afectivas y duraderas, como la familia o los amigos íntimos. En cambio, los grupos secundarios se caracterizan por relaciones más impersonales y funcionales, como las que se dan en el ámbito laboral o institucional.
Autor que explicó el comportamiento, en relación a su condición física denominando las diferentes constituciones como mesomorfo, ectomorfo y endomorfo:;Krestschmer;Hooton;Sheldon;c;2;33;"l psicólogo William H. Sheldon desarrolló una teoría que relacionaba el tipo corporal (somatotipo) con determinados rasgos de personalidad. Propuso tres tipos básicos:

Endomorfo: redondeado y sociable,
Mesomorfo: musculoso y activo,
Ectomorfo: delgado e introvertido.
Esta teoría se considera precursora de enfoques biopsicológicos sobre la personalidad, aunque sus postulados carecen hoy de validez científica robusta."
La desviación de la conducta de una norma no es inherente a un acto concreto, sino un reflejo de la mayoría social que lo considera negativo, se conoce como:;Teoría del etiquetamiento ;Teoría de la frustración;Teoría del odio;a;2;33;Enfoque del etiquetamiento (Labeling Approach) Teoría desarrollada por los sociólogos Edwin Lemert y Howard Becker. Sostienen que la desviación de la conducta de una norma no es inherente a un acto concreto, sino un reflejo de la mayoría social que lo considera negativo.
Según el Observatorio Español de las Drogas y las Adicciones (OEDA) y el Plan Nacional sobre Drogas, ¿cuál es la sustancia psicoactiva más consumida en España entre la población general (15-64 años)?;Cocaína;Cannabis;Alcohol;c;2;34;El alcohol continúa siendo la sustancia psicoactiva más consumida en España, según la Encuesta sobre Alcohol y Drogas en España (EDADES) del Ministerio de Sanidad. Le siguen el tabaco y el cannabis. Este patrón se mantiene estable en los últimos años, aunque se observa un ligero repunte del consumo de cannabis entre jóvenes. El consumo de alcohol está socialmente normalizado, lo que plantea importantes retos preventivos en salud pública.
¿Cuál es el principio activo de la heroína y cómo se obtiene químicamente?;La heroína es metanfetamina sintetizada a partir de la diacetilmorfina; La heroína es un derivado semisintético de la morfina, obtenida a partir del opio;La heroína es un alcaloide natural de la hoja de coca refinado con éter;b;2;34;La heroína (diacetilmorfina) es un opiáceo semisintético que se obtiene a partir de la morfina, un alcaloide natural presente en el opio, que se extrae de la planta Papaver somniferum (adormidera). Su potencia analgésica y euforizante es muy superior a la de la morfina, lo que la convierte en una sustancia con alto poder adictivo. Su producción ilegal y consumo están prohibidos en España y regulados por el Convenio de Estupefacientes de 1961 y por la legislación nacional en materia de drogas.
Según el artículo 22 de la Ley 42/2007, de 13 de diciembre, del Patrimonio Natural y de la Biodiversidad, ¿cuál de las siguientes opciones define correctamente un parque natural?;Área natural delimitada por la comunidad autónoma que reúne condiciones para el desarrollo urbano sostenible y turismo ecológico de baja densidad;Espacio natural que, en razón de la belleza de su paisaje y potencial turístico, ha sido declarado de interés regional con independencia de su estado de conservación;Espacio natural que, en razón de la representatividad de sus ecosistemas, su grado de conservación o la singularidad de su flora, fauna o gea, merece una atención preferente para su conservación, siendo compatible con el aprovechamiento ordenado de sus recursos;c;2;35;Según el artículo 22.3 de la Ley 42/2007, los parques naturales son espacios naturales que por sus características ecológicas, su conservación o la singularidad de su flora, fauna o gea merecen una atención preferente, y cuya finalidad es compatibilizar su conservación con el aprovechamiento ordenado de sus recursos. La declaración de parque natural corresponde a las comunidades autónomas, y deben contar con un plan de ordenación de los recursos naturales (PORN) y plan de gestión
¿Cuál de las siguientes oraciones contiene una subordinada sustantiva en función de sujeto?;Me alegra que hayas aprobado el examen;Salieron corriendo cuando escucharon el disparo;No sabían dónde estaba la estación más cercana;a;2;36;"En la oración ""Me alegra que hayas aprobado el examen"", la proposición subordinada ""que hayas aprobado el examen"" es sustantiva y funciona como sujeto de la oración principal, ya que lo que ""me alegra"" es precisamente eso. Las subordinadas sustantivas pueden ocupar las funciones propias de un sustantivo: sujeto, complemento directo, término de preposición, etc. Se suelen introducir por ""que"" o por pronombres interrogativos y exclamativos."
¿Cuál de las siguientes palabras está escrita correctamente según la normativa ortográfica actual de la RAE?;Exámen;Beneficiencia;Inaudito;c;2;37;"La única opción correctamente escrita es ""inaudito"", que significa ""nunca oído"" o ""sorprendente"".
""Exámen"" es incorrecta porque la palabra es llana y termina en n, por lo tanto no lleva tilde: se escribe ""examen"".
""Beneficiencia"" es una forma incorrecta e inexistente: la palabra adecuada es ""beneficencia"", con una sola ""en"" intermedia."
Un Plotter es un hardware de:;Entrada;Salida;Ninguna es correcta;b;3;38;Un plotter es un periférico de impresión utilizado principalmente para dibujar gráficos, planos o diseños técnicos de gran precisión y tamaño, como los utilizados en arquitectura, ingeniería, diseño gráfico o cartografía.
¿Cuál de los siguientes tipos de sistemas operativos está diseñado para ejecutar múltiples tareas de forma simultánea y responder en un tiempo limitado y predecible?;Sistema operativo distribuido;Sistema operativo de tiempo real;Sistema operativo batch (por lotes);b;3;38;"Los sistemas operativos de tiempo real (RTOS) están diseñados para garantizar respuestas inmediatas y deterministas ante eventos externos. Se usan en sistemas embebidos, controladores industriales, robótica, aeronáutica o dispositivos médicos. La predictibilidad y el cumplimiento estricto de los tiempos de respuesta son sus principales características.

Los sistemas por lotes ejecutan tareas sin interacción del usuario.
Los sistemas distribuidos gestionan múltiples computadoras interconectadas como si fueran una sola."
¿Cuál de las siguientes redes se utiliza para conectar varias redes locales distribuidas en distintas ciudades o países?;LAN (Local Area Network);MAN (Metropolitan Area Network);WAN (Wide Area Network);c;3;39;"Una WAN es una red de área amplia, diseñada para conectar múltiples LAN o MAN a través de grandes distancias geográficas, incluso entre países o continentes.

Las LAN son redes locales, como las de un hogar o una oficina.
Las MAN abarcan zonas urbanas o campus universitarios, conectando varias LAN dentro de un área metropolitana."
Indique la opción correcta en relación a los siguientes protocolos:;HTTPS – Comunicación segura en la web mediante cifrado;FTP – Resolución de nombres de dominio en direcciones IP;DNS – Transmisión segura de archivos entre cliente y servidor;a;3;39;"HTTPS (HyperText Transfer Protocol Secure) es una versión segura de HTTP que cifra la información mediante protocolos como TLS/SSL, garantizando la confidencialidad e integridad de los datos transmitidos en la web.
DNS (Domain Name System) se encarga de traducir nombres de dominio (como google.com) en direcciones IP comprensibles por los dispositivos de red.
FTP (File Transfer Protocol) permite la transferencia de archivos, pero no proporciona cifrado por defecto, a diferencia de su versión segura FTPS o SFTP."
¿Cuál de las siguientes acciones constituye un ejemplo de pharming, uno de los tipos de ciberdelito más frecuentes?;Un usuario recibe un correo que aparenta ser de su banco y, al hacer clic, introduce sus datos en una web falsa;Un ciberdelincuente manipula el archivo de resolución de nombres o el servidor DNS para redirigir al usuario a una web falsa, incluso si escribe correctamente la dirección legítima;Se accede sin permiso al correo electrónico de otra persona mediante un fallo en la contraseña;b;3;41;"El pharming es una forma avanzada de fraude online, donde el atacante manipula la resolución DNS o el archivo de hosts del dispositivo de la víctima, de forma que, aunque el usuario escriba correctamente la dirección de un sitio web legítimo (como su banco), es redirigido automáticamente a una página falsa sin sospecharlo.

Se diferencia del phishing, que utiliza engaños directos, como correos electrónicos o mensajes falsos, para inducir al usuario a acceder a sitios fraudulentos y entregar información personal voluntariamente. Ambos son delitos informáticos tipificados como estafa o acceso ilícito a datos personales en el Código Penal español (arts. 248, 197 y ss.) y se enmarcan también en las categorías del Convenio de Budapest."
Las Guías de pertenencia de los lanzacabos son expedidas por:;La Comandancia de la Guardia Civil;El Delegado del Gobierno;Comandancia de Marina;a;3;42;Las guías de pertenencia de las armas de fuego para lanzar cabos las expedirán las Comandancias de la Guardia Civil, previo informe de las Comandancias de Marina.  Las licencias de armas de fuego para lanzar cabos serán expedidas por los Gobernadores civiles, previo informe de los Comandantes de Marina
Como bien sabe la licencia F tiene tres clases, indique la opción correcta en relación a esta licencia:;La tercera clase autorizará a tener un arma corta y un arma larga de concurso;La primera clase autoriza hasta diez armas cortas de concurso, excluyendo las largas;La segunda clase autoriza hasta seis armas de concurso;c;3;42;La licencia F será de tres clases, en correspondencia con las categorías del tirador. La de tercera clase autorizará la tenencia y el uso de un arma corta o un arma larga de concurso, quedando excluidas las pistolas libres. La de segunda clase podrá autorizar la tenencia y el uso de hasta seis armas de concurso. Y la de primera clase podrá autorizar la tenencia y uso de hasta diez armas de concurso
Las armas de sistema «Flobert» se encuentran dentro de la categoría:;7.4;7.5;7.6;a;3;42;"7.ª categoría:

1. Armas de inyección anestésica capaces de lanzar proyectiles que faciliten la captura o control de animales, anestesiándolos a distancia durante algún tiempo.

2. Las ballestas.

3. Las armas para lanzar cabos.

4. Las armas de sistema «Flobert».

5. Los arcos, las armas para lanzar líneas de pesca y los fusiles de pesca submarina que sirvan para disparar flechas o arpones, eficaces para la pesca y para otros fines deportivos.

6. Armas de alarma y señales y pistolas lanzabengalas.

8.ª categoría:

Armas acústicas y de salvas."
Indique la opción correcta en relación al uso de la V-1:;   Excepcionalmente, los conductores de los vehículos policiales deberán utilizar la señal luminosa aisladamente cuando la omisión de las señales acústicas especiales no entrañe peligro alguno para los demás usuarios;   Excepcionalmente, los conductores de los vehículos prioritarios deberán utilizar la señal luminosa aisladamente cuando la omisión de las señales acústicas especiales no entrañe peligro alguno para los demás usuarios;   Excepcionalmente, los conductores de los vehículos prioritarios podrán utilizar la señal luminosa aisladamente cuando la omisión de las señales acústicas especiales no entrañe peligro alguno para los demás usuarios;b;3;43;"Artículo 67.2 del Reglamento General de Circulación, que establece que excepcionalmente los conductores de vehículos prioritarios podrán utilizar únicamente la señal luminosa especial cuando la omisión de las señales acústicas no entrañe peligro alguno para los demás usuarios.
Esto permite minimizar el ruido en zonas sensibles como hospitales o por la noche, siempre que se mantenga la seguridad."
¿Cuál de los siguientes elementos forma parte de los sistemas de seguridad pasiva de un vehículo?;Control electrónico de estabilidad (ESC);Sistema antibloqueo de frenos (ABS);Airbags frontales y laterales;c;3;44;"Los airbags son un componente esencial de la seguridad pasiva, ya que se activan en caso de colisión para reducir el impacto sobre los ocupantes y minimizar lesiones.

El ABS (Antilock Braking System) y el ESC (Electronic Stability Control) son sistemas de seguridad activa, ya que actúan antes del accidente, ayudando al conductor a mantener el control del vehículo en situaciones críticas y evitando bloqueos de ruedas o derrapes."
Los vehículos de más de 9 plazas dedicados al traslado de detenidos deberán de portar:;Un extintor en polvo de 12 kg;Dos extintores de polvo de 12 Kg;Ninguna es correcta;b;3;44;Extintores: - Vehículo de hasta 9 plazas: 1 extintor de polvo de 6 kg. - Vehículo más de 9 plazas: 2 extintores en polvo de 12 kg.
Los chalecos reflectantes de dotación policial utilizados para realizar DEC deberán de ser visibles a:;100 metros;150 metros;50 metros;b;3;45;Los chalecos reflectantes deberán ser visibles a 150 metros.
Obligatoriedad V-16;1 de junio de 2026;1 de enero de 2026;Voluntaria;b;3;45;La luz V16, un dispositivo luminoso de emergencia, será obligatoria para todos los vehículos en España a partir del 1 de enero de 2026, reemplazando a los triángulos de emergencia, según la DGT. Hasta entonces, se pueden seguir utilizando los triángulos o las luces V16 sin conectividad. La versión obligatoria a partir de 2026 será la luz V16 conectada y homologada, que además de alertar a otros conductores, informará a las autoridades sobre la ubicación del vehículo.
Ley Orgánica 9/2015, de 28 de julio, de Régimen de Personal de la Policía Nacional.  El Consejo de Ministros, a propuesta del Ministro del Interior, fijará la plantilla reglamentaria para las distintas categorías, con vigencia para períodos de:;2 años;3 años;5 años;c;3;8;El Consejo de Ministros, a propuesta del Ministro del Interior, fijará, con vigencia para períodos de cinco años, la plantilla reglamentaria para las distintas categorías
El pase a segunda actividad por petición propia en la escala de Subinspección se podrá realizar a partir de los:;60 años;62 años;64 años;a;3;8;"Pasarán a la situación de segunda actividad los Policías Nacionales que, por petición propia hubieran solicitado ingresar en dicha situación, a partir del cumplimiento de las edades que para cada escala se establecen a continuación:

a) Escala Superior: 64 años.

b) Escala Ejecutiva: 62 años.

c) Escala Subinspección: 60 años.

d) Escala Básica: 58 años."